Name,Role,Discipline,Skills,Summary,Experience,Education
Candidate 1,Environmental Analyst,Biology,"Microscopy, Data Recording, Gel Electrophoresis","Motivated environmental analyst with strong background in Microscopy, Data Recording, Gel Electrophoresis.",Worked on projects involving Gel Electrophoresis and team collaboration.,"Bachelor of Science in Biology, ABC University"
Candidate 2,Marketing Analyst,Business,"Tableau, SQL, Market Research","Motivated marketing analyst with strong background in Tableau, SQL, Market Research.",Worked on projects involving SQL and team collaboration.,"Bachelor of Science in Business, ABC University"
Candidate 3,Curriculum Developer,Education,"Lesson Planning, Classroom Management, Assessment Design","Motivated curriculum developer with strong background in Lesson Planning, Classroom Management, Assessment Design.",Worked on projects involving Assessment Design and team collaboration.,"Bachelor of Science in Education, ABC University"
Candidate 4,Project Coordinator,Engineering,"MATLAB, SolidWorks, AutoCAD","Motivated project coordinator with strong background in MATLAB, SolidWorks, AutoCAD.",Worked on projects involving MATLAB and team collaboration.,"Bachelor of Science in Engineering, ABC University"
Candidate 5,Statistics Intern,Mathematics,"R, Statistics, LaTeX","Motivated statistics intern with strong background in R, Statistics, LaTeX.",Worked on projects involving LaTeX and team collaboration.,"Bachelor of Science in Mathematics, ABC University"
Candidate 6,Software Engineer,Computer Science,"Machine Learning, Linux, Git","Motivated software engineer with strong background in Machine Learning, Linux, Git.",Worked on projects involving Git and team collaboration.,"Bachelor of Science in Computer Science, ABC University"
Candidate 7,Financial Intern,Business,"SQL, Tableau, Financial Modeling","Motivated financial intern with strong background in SQL, Tableau, Financial Modeling.",Worked on projects involving Tableau and team collaboration.,"Bachelor of Science in Business, ABC University"
Candidate 8,Curriculum Developer,Education,"Classroom Management, Assessment Design, Lesson Planning","Motivated curriculum developer with strong background in Classroom Management, Assessment Design, Lesson Planning.",Worked on projects involving Classroom Management and team collaboration.,"Bachelor of Science in Education, ABC University"
Candidate 9,Mechanical Engineer,Engineering,"AutoCAD, Project Management, SolidWorks","Motivated mechanical engineer with strong background in AutoCAD, Project Management, SolidWorks.",Worked on projects involving SolidWorks and team collaboration.,"Bachelor of Science in Engineering, ABC University"
Candidate 10,Marketing Analyst,Business,"SQL, Financial Modeling, Market Research","Motivated marketing analyst with strong background in SQL, Financial Modeling, Market Research.",Worked on projects involving SQL and team collaboration.,"Bachelor of Science in Business, ABC University"
Candidate 11,Media Assistant,Communications,"Public Speaking, Adobe Creative Suite, Social Media Strategy","Motivated media assistant with strong background in Public Speaking, Adobe Creative Suite, Social Media Strategy.",Worked on projects involving Social Media Strategy and team collaboration.,"Bachelor of Science in Communications, ABC University"
Candidate 12,Behavioral Research Assistant,Psychology,"Survey Design, SPSS, Behavioral Coding","Motivated behavioral research assistant with strong background in Survey Design, SPSS, Behavioral Coding.",Worked on projects involving Behavioral Coding and team collaboration.,"Bachelor of Science in Psychology, ABC University"
Candidate 13,Data Analyst,Mathematics,"LaTeX, R, Data Analysis","Motivated data analyst with strong background in LaTeX, R, Data Analysis.",Worked on projects involving LaTeX and team collaboration.,"Bachelor of Science in Mathematics, ABC University"
Candidate 14,PR Intern,Communications,"Social Media Strategy, Adobe Creative Suite, Public Speaking","Motivated pr intern with strong background in Social Media Strategy, Adobe Creative Suite, Public Speaking.",Worked on projects involving Public Speaking and team collaboration.,"Bachelor of Science in Communications, ABC University"
Candidate 15,Environmental Analyst,Biology,"Microscopy, Data Recording, Gel Electrophoresis","Motivated environmental analyst with strong background in Microscopy, Data Recording, Gel Electrophoresis.",Worked on projects involving Microscopy and team collaboration.,"Bachelor of Science in Biology, ABC University"
Candidate 16,Behavioral Research Assistant,Psychology,"Behavioral Coding, R, Survey Design","Motivated behavioral research assistant with strong background in Behavioral Coding, R, Survey Design.",Worked on projects involving Survey Design and team collaboration.,"Bachelor of Science in Psychology, ABC University"
Candidate 17,Editorial Assistant,English,"MLA Style, Creative Writing, Research","Motivated editorial assistant with strong background in MLA Style, Creative Writing, Research.",Worked on projects involving Research and team collaboration.,"Bachelor of Science in English, ABC University"
Candidate 18,Teaching Assistant,English,"Editing, MLA Style, Research","Motivated teaching assistant with strong background in Editing, MLA Style, Research.",Worked on projects involving Research and team collaboration.,"Bachelor of Science in English, ABC University"
Candidate 19,Editorial Assistant,English,"Editing, Research, Public Speaking","Motivated editorial assistant with strong background in Editing, Research, Public Speaking.",Worked on projects involving Public Speaking and team collaboration.,"Bachelor of Science in English, ABC University"
Candidate 20,Mechanical Engineer,Engineering,"Project Management, MATLAB, SolidWorks","Motivated mechanical engineer with strong background in Project Management, MATLAB, SolidWorks.",Worked on projects involving MATLAB and team collaboration.,"Bachelor of Science in Engineering, ABC University"
Candidate 21,Behavioral Research Assistant,Psychology,"Behavioral Coding, SPSS, Survey Design","Motivated behavioral research assistant with strong background in Behavioral Coding, SPSS, Survey Design.",Worked on projects involving Behavioral Coding and team collaboration.,"Bachelor of Science in Psychology, ABC University"
Candidate 22,Teaching Assistant,English,"Research, Creative Writing, Editing","Motivated teaching assistant with strong background in Research, Creative Writing, Editing.",Worked on projects involving Editing and team collaboration.,"Bachelor of Science in English, ABC University"
Candidate 23,Statistics Intern,Mathematics,"Python, Statistics, R","Motivated statistics intern with strong background in Python, Statistics, R.",Worked on projects involving R and team collaboration.,"Bachelor of Science in Mathematics, ABC University"
Candidate 24,Counseling Assistant,Psychology,"Survey Design, Behavioral Coding, SPSS","Motivated counseling assistant with strong background in Survey Design, Behavioral Coding, SPSS.",Worked on projects involving Survey Design and team collaboration.,"Bachelor of Science in Psychology, ABC University"
Candidate 25,Software Engineer,Computer Science,"Git, Java, Linux","Motivated software engineer with strong background in Git, Java, Linux.",Worked on projects involving Java and team collaboration.,"Bachelor of Science in Computer Science, ABC University"
Candidate 26,Lab Assistant,Biology,"Data Recording, Microscopy, Gel Electrophoresis","Motivated lab assistant with strong background in Data Recording, Microscopy, Gel Electrophoresis.",Worked on projects involving Gel Electrophoresis and team collaboration.,"Bachelor of Science in Biology, ABC University"
Candidate 27,Machine Learning Intern,Computer Science,"Linux, Java, Machine Learning","Motivated machine learning intern with strong background in Linux, Java, Machine Learning.",Worked on projects involving Linux and team collaboration.,"Bachelor of Science in Computer Science, ABC University"
Candidate 28,PR Intern,Communications,"Adobe Creative Suite, Social Media Strategy, Public Speaking","Motivated pr intern with strong background in Adobe Creative Suite, Social Media Strategy, Public Speaking.",Worked on projects involving Adobe Creative Suite and team collaboration.,"Bachelor of Science in Communications, ABC University"
Candidate 29,Student Teacher,Education,"Classroom Management, Assessment Design, Lesson Planning","Motivated student teacher with strong background in Classroom Management, Assessment Design, Lesson Planning.",Worked on projects involving Lesson Planning and team collaboration.,"Bachelor of Science in Education, ABC University"
Candidate 30,Financial Intern,Business,"Financial Modeling, Market Research, SQL","Motivated financial intern with strong background in Financial Modeling, Market Research, SQL.",Worked on projects involving Market Research and team collaboration.,"Bachelor of Science in Business, ABC University"
Candidate 31,Mechanical Engineer,Engineering,"MATLAB, AutoCAD, SolidWorks","Motivated mechanical engineer with strong background in MATLAB, AutoCAD, SolidWorks.",Worked on projects involving AutoCAD and team collaboration.,"Bachelor of Science in Engineering, ABC University"
Candidate 32,Teaching Assistant,English,"Creative Writing, MLA Style, Editing","Motivated teaching assistant with strong background in Creative Writing, MLA Style, Editing.",Worked on projects involving Editing and team collaboration.,"Bachelor of Science in English, ABC University"
Candidate 33,Content Writer,English,"Editing, Creative Writing, MLA Style","Motivated content writer with strong background in Editing, Creative Writing, MLA Style.",Worked on projects involving Editing and team collaboration.,"Bachelor of Science in English, ABC University"
Candidate 34,Media Assistant,Communications,"Adobe Creative Suite, Public Speaking, Social Media Strategy","Motivated media assistant with strong background in Adobe Creative Suite, Public Speaking, Social Media Strategy.",Worked on projects involving Public Speaking and team collaboration.,"Bachelor of Science in Communications, ABC University"
Candidate 35,Student Teacher,Education,"Lesson Planning, Classroom Management, Assessment Design","Motivated student teacher with strong background in Lesson Planning, Classroom Management, Assessment Design.",Worked on projects involving Assessment Design and team collaboration.,"Bachelor of Science in Education, ABC University"
Candidate 36,Environmental Analyst,Biology,"Gel Electrophoresis, Data Recording, Microscopy","Motivated environmental analyst with strong background in Gel Electrophoresis, Data Recording, Microscopy.",Worked on projects involving Microscopy and team collaboration.,"Bachelor of Science in Biology, ABC University"
Candidate 37,Backend Developer,Computer Science,"Linux, Python, Git","Motivated backend developer with strong background in Linux, Python, Git.",Worked on projects involving Git and team collaboration.,"Bachelor of Science in Computer Science, ABC University"
Candidate 38,Behavioral Research Assistant,Psychology,"R, Qualtrics, Survey Design","Motivated behavioral research assistant with strong background in R, Qualtrics, Survey Design.",Worked on projects involving R and team collaboration.,"Bachelor of Science in Psychology, ABC University"
Candidate 39,Content Writer,English,"Public Speaking, Research, Creative Writing","Motivated content writer with strong background in Public Speaking, Research, Creative Writing.",Worked on projects involving Creative Writing and team collaboration.,"Bachelor of Science in English, ABC University"
Candidate 40,Research Chemist,Chemistry,"Chromatography, Titration, Lab Safety","Motivated research chemist with strong background in Chromatography, Titration, Lab Safety.",Worked on projects involving Chromatography and team collaboration.,"Bachelor of Science in Chemistry, ABC University"
Candidate 41,Project Coordinator,Engineering,"SolidWorks, Project Management, AutoCAD","Motivated project coordinator with strong background in SolidWorks, Project Management, AutoCAD.",Worked on projects involving SolidWorks and team collaboration.,"Bachelor of Science in Engineering, ABC University"
Candidate 42,Operations Associate,Business,"Excel, Market Research, Financial Modeling","Motivated operations associate with strong background in Excel, Market Research, Financial Modeling.",Worked on projects involving Excel and team collaboration.,"Bachelor of Science in Business, ABC University"
Candidate 43,Quantitative Researcher,Mathematics,"Statistics, LaTeX, Data Analysis","Motivated quantitative researcher with strong background in Statistics, LaTeX, Data Analysis.",Worked on projects involving Data Analysis and team collaboration.,"Bachelor of Science in Mathematics, ABC University"
Candidate 44,Research Intern,Biology,"Microscopy, Gel Electrophoresis, Data Recording","Motivated research intern with strong background in Microscopy, Gel Electrophoresis, Data Recording.",Worked on projects involving Gel Electrophoresis and team collaboration.,"Bachelor of Science in Biology, ABC University"
Candidate 45,Lab Assistant,Biology,"Data Recording, Gel Electrophoresis, Microscopy","Motivated lab assistant with strong background in Data Recording, Gel Electrophoresis, Microscopy.",Worked on projects involving Microscopy and team collaboration.,"Bachelor of Science in Biology, ABC University"
Candidate 46,Media Assistant,Communications,"Adobe Creative Suite, Social Media Strategy, Public Speaking","Motivated media assistant with strong background in Adobe Creative Suite, Social Media Strategy, Public Speaking.",Worked on projects involving Public Speaking and team collaboration.,"Bachelor of Science in Communications, ABC University"
Candidate 47,Media Assistant,Communications,"Social Media Strategy, Public Speaking, Adobe Creative Suite","Motivated media assistant with strong background in Social Media Strategy, Public Speaking, Adobe Creative Suite.",Worked on projects involving Social Media Strategy and team collaboration.,"Bachelor of Science in Communications, ABC University"
Candidate 48,Curriculum Developer,Education,"Assessment Design, Classroom Management, Lesson Planning","Motivated curriculum developer with strong background in Assessment Design, Classroom Management, Lesson Planning.",Worked on projects involving Assessment Design and team collaboration.,"Bachelor of Science in Education, ABC University"
Candidate 49,Research Chemist,Chemistry,"Chromatography, Lab Safety, Titration","Motivated research chemist with strong background in Chromatography, Lab Safety, Titration.",Worked on projects involving Titration and team collaboration.,"Bachelor of Science in Chemistry, ABC University"
Candidate 50,Backend Developer,Computer Science,"Linux, Java, Machine Learning","Motivated backend developer with strong background in Linux, Java, Machine Learning.",Worked on projects involving Linux and team collaboration.,"Bachelor of Science in Computer Science, ABC University"
Candidate 51,Data Scientist,Computer Science,"Python, Machine Learning, SQL","Motivated data scientist with strong background in Python, Machine Learning, SQL.",Worked on projects involving Machine Learning and team collaboration.,"Master of Science in Computer Science, XYZ University"
Candidate 52,UX Designer,Design,"Figma, Adobe XD, User Research","Motivated UX designer with strong background in Figma, Adobe XD, User Research.",Worked on projects involving User Research and team collaboration.,"Bachelor of Arts in Design, ABC University"
Candidate 53,Electrical Engineer,Engineering,"Circuit Design, MATLAB, PCB Layout","Motivated electrical engineer with strong background in Circuit Design, MATLAB, PCB Layout.",Worked on projects involving Circuit Design and team collaboration.,"Bachelor of Science in Electrical Engineering, DEF University"
Candidate 54,HR Specialist,Business,"Recruitment, Employee Relations, HRIS","Motivated HR specialist with strong background in Recruitment, Employee Relations, HRIS.",Worked on projects involving Employee Relations and team collaboration.,"Bachelor of Science in Business Administration, GHI University"
Candidate 55,Research Assistant,Biology,"PCR, Gel Electrophoresis, Data Analysis","Motivated research assistant with strong background in PCR, Gel Electrophoresis, Data Analysis.",Worked on projects involving PCR and team collaboration.,"Bachelor of Science in Biology, JKL University"
Candidate 56,Digital Marketing Specialist,Marketing,"SEO, Google Analytics, Content Creation","Motivated digital marketing specialist with strong background in SEO, Google Analytics, Content Creation.",Worked on projects involving SEO and team collaboration.,"Bachelor of Science in Marketing, MNO University"
Candidate 57,Robotics Engineer,Engineering,"ROS, Python, Embedded Systems","Motivated robotics engineer with strong background in ROS, Python, Embedded Systems.",Worked on projects involving Embedded Systems and team collaboration.,"Master of Science in Robotics, PQR University"
Candidate 58,Content Strategist,Communications,"Content Writing, SEO, Social Media Management","Motivated content strategist with strong background in Content Writing, SEO, Social Media Management.",Worked on projects involving Content Writing and team collaboration.,"Bachelor of Arts in Communications, STU University"
Candidate 59,AI Researcher,Computer Science,"Deep Learning, TensorFlow, PyTorch","Motivated AI researcher with strong background in Deep Learning, TensorFlow, PyTorch.",Worked on projects involving Deep Learning and team collaboration.,"PhD in Computer Science, VWX University"
Candidate 60,Operations Manager,Business,"Supply Chain Management, Process Optimization, ERP Systems","Motivated operations manager with strong background in Supply Chain Management, Process Optimization, ERP Systems.",Worked on projects involving Process Optimization and team collaboration.,"Master of Business Administration, YZA University"
Candidate 61,Graphic Designer,Design,"Adobe Photoshop, Illustrator, Branding","Motivated graphic designer with strong background in Adobe Photoshop, Illustrator, Branding.",Worked on projects involving Branding and team collaboration.,"Bachelor of Arts in Graphic Design, BCD University"
Candidate 62,Environmental Scientist,Biology,"Environmental Impact Assessment, GIS, Data Analysis","Motivated environmental scientist with strong background in Environmental Impact Assessment, GIS, Data Analysis.",Worked on projects involving GIS and team collaboration.,"Master of Science in Environmental Science, EFG University"
Candidate 63,Full Stack Developer,Computer Science,"React, Node.js, MongoDB","Motivated full stack developer with strong background in React, Node.js, MongoDB.",Worked on projects involving Full Stack Development and team collaboration.,"Bachelor of Science in Computer Science, HIJ University"
Candidate 64,Mechanical Designer,Engineering,"SolidWorks, AutoCAD, 3D Printing","Motivated mechanical designer with strong background in SolidWorks, AutoCAD, 3D Printing.",Worked on projects involving 3D Printing and team collaboration.,"Bachelor of Science in Mechanical Engineering, KLM University"
Candidate 65,Clinical Researcher,Medicine,"Clinical Trials, Data Analysis, SPSS","Motivated clinical researcher with strong background in Clinical Trials, Data Analysis, SPSS.",Worked on projects involving Clinical Trials and team collaboration.,"Bachelor of Science in Medicine, NOP University"
Candidate 66,Data Engineer,Computer Science,"ETL, Big Data, Apache Spark","Motivated data engineer with strong background in ETL, Big Data, Apache Spark.",Worked on projects involving Big Data and team collaboration.,"Master of Science in Data Engineering, QRS University"
Candidate 67,Social Media Manager,Marketing,"Content Creation, Analytics, Campaign Management","Motivated social media manager with strong background in Content Creation, Analytics, Campaign Management.",Worked on projects involving Campaign Management and team collaboration.,"Bachelor of Science in Marketing, TUV University"
Candidate 68,Statistician,Mathematics,"R, Statistical Modeling, Data Visualization","Motivated statistician with strong background in R, Statistical Modeling, Data Visualization.",Worked on projects involving Statistical Modeling and team collaboration.,"Master of Science in Statistics, WXY University"
Candidate 69,Product Manager,Business,"Agile, Product Roadmap, Stakeholder Management","Motivated product manager with strong background in Agile, Product Roadmap, Stakeholder Management.",Worked on projects involving Product Roadmap and team collaboration.,"Master of Business Administration, ZAB University"
Candidate 70,Research Scientist,Chemistry,"Spectroscopy, Chromatography, Lab Safety","Motivated research scientist with strong background in Spectroscopy, Chromatography, Lab Safety.",Worked on projects involving Spectroscopy and team collaboration.,"PhD in Chemistry, CDE University"
Candidate 71,Data Analyst,Mathematics,"Python, Data Visualization, SQL","Motivated data analyst with strong background in Python, Data Visualization, SQL.",Worked on projects involving Data Visualization and team collaboration.,"Bachelor of Science in Mathematics, ABC University"
Candidate 72,Software Developer,Computer Science,"Java, Spring Boot, REST APIs","Motivated software developer with strong background in Java, Spring Boot, REST APIs.",Worked on projects involving REST APIs and team collaboration.,"Bachelor of Science in Computer Science, DEF University"
Candidate 73,Marketing Specialist,Business,"SEO, Content Marketing, Google Ads","Motivated marketing specialist with strong background in SEO, Content Marketing, Google Ads.",Worked on projects involving Google Ads and team collaboration.,"Bachelor of Science in Business, GHI University"
Candidate 74,Mechanical Engineer,Engineering,"SolidWorks, MATLAB, Thermodynamics","Motivated mechanical engineer with strong background in SolidWorks, MATLAB, Thermodynamics.",Worked on projects involving Thermodynamics and team collaboration.,"Bachelor of Science in Engineering, JKL University"
Candidate 75,UX Researcher,Design,"User Research, Wireframing, Prototyping","Motivated UX researcher with strong background in User Research, Wireframing, Prototyping.",Worked on projects involving Wireframing and team collaboration.,"Bachelor of Arts in Design, MNO University"
Candidate 76,Environmental Consultant,Biology,"Environmental Impact Assessment, GIS, Data Analysis","Motivated environmental consultant with strong background in Environmental Impact Assessment, GIS, Data Analysis.",Worked on projects involving GIS and team collaboration.,"Master of Science in Environmental Science, PQR University"
Candidate 77,AI Engineer,Computer Science,"Deep Learning, TensorFlow, PyTorch","Motivated AI engineer with strong background in Deep Learning, TensorFlow, PyTorch.",Worked on projects involving Deep Learning and team collaboration.,"Master of Science in Artificial Intelligence, STU University"
Candidate 78,Operations Analyst,Business,"Process Optimization, Excel, ERP Systems","Motivated operations analyst with strong background in Process Optimization, Excel, ERP Systems.",Worked on projects involving Process Optimization and team collaboration.,"Bachelor of Science in Business Administration, VWX University"
Candidate 79,Graphic Designer,Design,"Adobe Photoshop, Illustrator, Branding","Motivated graphic designer with strong background in Adobe Photoshop, Illustrator, Branding.",Worked on projects involving Branding and team collaboration.,"Bachelor of Arts in Graphic Design, YZA University"
Candidate 80,Clinical Data Manager,Medicine,"Clinical Trials, Data Management, SPSS","Motivated clinical data manager with strong background in Clinical Trials, Data Management, SPSS.",Worked on projects involving Clinical Trials and team collaboration.,"Bachelor of Science in Medicine, BCD University"
Candidate 81,Backend Developer,Computer Science,"Node.js, MongoDB, Express.js","Motivated backend developer with strong background in Node.js, MongoDB, Express.js.",Worked on projects involving Backend Development and team collaboration.,"Bachelor of Science in Computer Science, EFG University"
Candidate 82,Research Scientist,Chemistry,"Chromatography, Spectroscopy, Lab Safety","Motivated research scientist with strong background in Chromatography, Spectroscopy, Lab Safety.",Worked on projects involving Spectroscopy and team collaboration.,"PhD in Chemistry, HIJ University"
Candidate 83,Social Media Strategist,Marketing,"Content Creation, Analytics, Campaign Management","Motivated social media strategist with strong background in Content Creation, Analytics, Campaign Management.",Worked on projects involving Campaign Management and team collaboration.,"Bachelor of Science in Marketing, KLM University"
Candidate 84,Statistician,Mathematics,"R, Statistical Modeling, Data Visualization","Motivated statistician with strong background in R, Statistical Modeling, Data Visualization.",Worked on projects involving Statistical Modeling and team collaboration.,"Master of Science in Statistics, NOP University"
Candidate 85,Product Manager,Business,"Agile, Product Roadmap, Stakeholder Management","Motivated product manager with strong background in Agile, Product Roadmap, Stakeholder Management.",Worked on projects involving Product Roadmap and team collaboration.,"Master of Business Administration, QRS University"
Candidate 86,Research Chemist,Chemistry,"Spectroscopy, Chromatography, Lab Safety","Motivated research chemist with strong background in Spectroscopy, Chromatography, Lab Safety.",Worked on projects involving Spectroscopy and team collaboration.,"PhD in Chemistry, STU University"
Candidate 87,Data Scientist,Computer Science,"Python, Machine Learning, SQL","Motivated data scientist with strong background in Python, Machine Learning, SQL.",Worked on projects involving Machine Learning and team collaboration.,"Master of Science in Computer Science, VWX University"
Candidate 88,UX Designer,Design,"Figma, Adobe XD, User Research","Motivated UX designer with strong background in Figma, Adobe XD, User Research.",Worked on projects involving User Research and team collaboration.,"Bachelor of Arts in Design, YZA University"
Candidate 89,Electrical Engineer,Engineering,"Circuit Design, MATLAB, PCB Layout","Motivated electrical engineer with strong background in Circuit Design, MATLAB, PCB Layout.",Worked on projects involving Circuit Design and team collaboration.,"Bachelor of Science in Electrical Engineering, BCD University"
Candidate 90,HR Specialist,Business,"Recruitment, Employee Relations, HRIS","Motivated HR specialist with strong background in Recruitment, Employee Relations, HRIS.",Worked on projects involving Employee Relations and team collaboration.,"Bachelor of Science in Business Administration, EFG University"
Candidate 91,Research Assistant,Biology,"PCR, Gel Electrophoresis, Data Analysis","Motivated research assistant with strong background in PCR, Gel Electrophoresis, Data Analysis.",Worked on projects involving PCR and team collaboration.,"Bachelor of Science in Biology, HIJ University"
Candidate 92,Digital Marketing Specialist,Marketing,"SEO, Google Analytics, Content Creation","Motivated digital marketing specialist with strong background in SEO, Google Analytics, Content Creation.",Worked on projects involving SEO and team collaboration.,"Bachelor of Science in Marketing, KLM University"
Candidate 93,Robotics Engineer,Engineering,"ROS, Python, Embedded Systems","Motivated robotics engineer with strong background in ROS, Python, Embedded Systems.",Worked on projects involving Embedded Systems and team collaboration.,"Master of Science in Robotics, NOP University"
Candidate 94,Content Strategist,Communications,"Content Writing, SEO, Social Media Management","Motivated content strategist with strong background in Content Writing, SEO, Social Media Management.",Worked on projects involving Content Writing and team collaboration.,"Bachelor of Arts in Communications, QRS University"
Candidate 95,AI Researcher,Computer Science,"Deep Learning, TensorFlow, PyTorch","Motivated AI researcher with strong background in Deep Learning, TensorFlow, PyTorch.",Worked on projects involving Deep Learning and team collaboration.,"PhD in Computer Science, STU University"
Candidate 96,Operations Manager,Business,"Supply Chain Management, Process Optimization, ERP Systems","Motivated operations manager with strong background in Supply Chain Management, Process Optimization, ERP Systems.",Worked on projects involving Process Optimization and team collaboration.,"Master of Business Administration, VWX University"
Candidate 97,Graphic Designer,Design,"Adobe Photoshop, Illustrator, Branding","Motivated graphic designer with strong background in Adobe Photoshop, Illustrator, Branding.",Worked on projects involving Branding and team collaboration.,"Bachelor of Arts in Graphic Design, YZA University"
Candidate 98,Environmental Scientist,Biology,"Environmental Impact Assessment, GIS, Data Analysis","Motivated environmental scientist with strong background in Environmental Impact Assessment, GIS, Data Analysis.",Worked on projects involving GIS and team collaboration.,"Master of Science in Environmental Science, BCD University"
Candidate 99,Full Stack Developer,Computer Science,"React, Node.js, MongoDB","Motivated full stack developer with strong background in React, Node.js, MongoDB.",Worked on projects involving Full Stack Development and team collaboration.,"Bachelor of Science in Computer Science, EFG University"
Candidate 100,Mechanical Designer,Engineering,"SolidWorks, AutoCAD, 3D Printing","Motivated mechanical designer with strong background in SolidWorks, AutoCAD, 3D Printing.",Worked on projects involving 3D Printing and team collaboration.,"Bachelor of Science in Mechanical Engineering, HIJ University"
Candidate 101,Data Engineer,Computer Science,"Hadoop, Spark, Python","Motivated data engineer with strong background in Hadoop, Spark, Python.",Worked on projects involving Big Data and team collaboration.,"Master of Science in Data Engineering, ABC University"
Candidate 102,Marketing Manager,Business,"SEO, Google Ads, Campaign Management","Motivated marketing manager with strong background in SEO, Google Ads, Campaign Management.",Worked on projects involving Campaign Management and team collaboration.,"Master of Business Administration, DEF University"
Candidate 103,Mechanical Engineer,Engineering,"Thermodynamics, SolidWorks, MATLAB","Motivated mechanical engineer with strong background in Thermodynamics, SolidWorks, MATLAB.",Worked on projects involving Thermodynamics and team collaboration.,"Bachelor of Science in Mechanical Engineering, GHI University"
Candidate 104,UX Researcher,Design,"User Research, Wireframing, Prototyping","Motivated UX researcher with strong background in User Research, Wireframing, Prototyping.",Worked on projects involving Wireframing and team collaboration.,"Bachelor of Arts in Design, JKL University"
Candidate 105,Environmental Consultant,Biology,"Environmental Impact Assessment, GIS, Data Analysis","Motivated environmental consultant with strong background in Environmental Impact Assessment, GIS, Data Analysis.",Worked on projects involving GIS and team collaboration.,"Master of Science in Environmental Science, MNO University"
Candidate 106,AI Engineer,Computer Science,"Deep Learning, TensorFlow, PyTorch","Motivated AI engineer with strong background in Deep Learning, TensorFlow, PyTorch.",Worked on projects involving Deep Learning and team collaboration.,"Master of Science in Artificial Intelligence, PQR University"
Candidate 107,Operations Analyst,Business,"Process Optimization, Excel, ERP Systems","Motivated operations analyst with strong background in Process Optimization, Excel, ERP Systems.",Worked on projects involving Process Optimization and team collaboration.,"Bachelor of Science in Business Administration, STU University"
Candidate 108,Graphic Designer,Design,"Adobe Photoshop, Illustrator, Branding","Motivated graphic designer with strong background in Adobe Photoshop, Illustrator, Branding.",Worked on projects involving Branding and team collaboration.,"Bachelor of Arts in Graphic Design, VWX University"
Candidate 109,Clinical Data Manager,Medicine,"Clinical Trials, Data Management, SPSS","Motivated clinical data manager with strong background in Clinical Trials, Data Management, SPSS.",Worked on projects involving Clinical Trials and team collaboration.,"Bachelor of Science in Medicine, YZA University"
Candidate 110,Backend Developer,Computer Science,"Node.js, MongoDB, Express.js","Motivated backend developer with strong background in Node.js, MongoDB, Express.js.",Worked on projects involving Backend Development and team collaboration.,"Bachelor of Science in Computer Science, BCD University"
Candidate 111,Research Scientist,Chemistry,"Chromatography, Spectroscopy, Lab Safety","Motivated research scientist with strong background in Chromatography, Spectroscopy, Lab Safety.",Worked on projects involving Spectroscopy and team collaboration.,"PhD in Chemistry, EFG University"
Candidate 112,Social Media Strategist,Marketing,"Content Creation, Analytics, Campaign Management","Motivated social media strategist with strong background in Content Creation, Analytics, Campaign Management.",Worked on projects involving Campaign Management and team collaboration.,"Bachelor of Science in Marketing, HIJ University"
Candidate 113,Statistician,Mathematics,"R, Statistical Modeling, Data Visualization","Motivated statistician with strong background in R, Statistical Modeling, Data Visualization.",Worked on projects involving Statistical Modeling and team collaboration.,"Master of Science in Statistics, KLM University"
Candidate 114,Product Manager,Business,"Agile, Product Roadmap, Stakeholder Management","Motivated product manager with strong background in Agile, Product Roadmap, Stakeholder Management.",Worked on projects involving Product Roadmap and team collaboration.,"Master of Business Administration, NOP University"
Candidate 115,Research Chemist,Chemistry,"Spectroscopy, Chromatography, Lab Safety","Motivated research chemist with strong background in Spectroscopy, Chromatography, Lab Safety.",Worked on projects involving Spectroscopy and team collaboration.,"PhD in Chemistry, QRS University"
Candidate 116,Data Scientist,Computer Science,"Python, Machine Learning, SQL","Motivated data scientist with strong background in Python, Machine Learning, SQL.",Worked on projects involving Machine Learning and team collaboration.,"Master of Science in Computer Science, STU University"
Candidate 117,UX Designer,Design,"Figma, Adobe XD, User Research","Motivated UX designer with strong background in Figma, Adobe XD, User Research.",Worked on projects involving User Research and team collaboration.,"Bachelor of Arts in Design, VWX University"
Candidate 118,Electrical Engineer,Engineering,"Circuit Design, MATLAB, PCB Layout","Motivated electrical engineer with strong background in Circuit Design, MATLAB, PCB Layout.",Worked on projects involving Circuit Design and team collaboration.,"Bachelor of Science in Electrical Engineering, YZA University"
Candidate 119,HR Specialist,Business,"Recruitment, Employee Relations, HRIS","Motivated HR specialist with strong background in Recruitment, Employee Relations, HRIS.",Worked on projects involving Employee Relations and team collaboration.,"Bachelor of Science in Business Administration, BCD University"
Candidate 120,Research Assistant,Biology,"PCR, Gel Electrophoresis, Data Analysis","Motivated research assistant with strong background in PCR, Gel Electrophoresis, Data Analysis.",Worked on projects involving PCR and team collaboration.,"Bachelor of Science in Biology, EFG University"
Candidate 121,Digital Marketing Specialist,Marketing,"SEO, Google Analytics, Content Creation","Motivated digital marketing specialist with strong background in SEO, Google Analytics, Content Creation.",Worked on projects involving SEO and team collaboration.,"Bachelor of Science in Marketing, HIJ University"
Candidate 122,Robotics Engineer,Engineering,"ROS, Python, Embedded Systems","Motivated robotics engineer with strong background in ROS, Python, Embedded Systems.",Worked on projects involving Embedded Systems and team collaboration.,"Master of Science in Robotics, KLM University"
Candidate 123,Content Strategist,Communications,"Content Writing, SEO, Social Media Management","Motivated content strategist with strong background in Content Writing, SEO, Social Media Management.",Worked on projects involving Content Writing and team collaboration.,"Bachelor of Arts in Communications, NOP University"
Candidate 124,AI Researcher,Computer Science,"Deep Learning, TensorFlow, PyTorch","Motivated AI researcher with strong background in Deep Learning, TensorFlow, PyTorch.",Worked on projects involving Deep Learning and team collaboration.,"PhD in Computer Science, QRS University"
Candidate 125,Operations Manager,Business,"Supply Chain Management, Process Optimization, ERP Systems","Motivated operations manager with strong background in Supply Chain Management, Process Optimization, ERP Systems.",Worked on projects involving Process Optimization and team collaboration.,"Master of Business Administration, STU University"
Candidate 126,Graphic Designer,Design,"Adobe Photoshop, Illustrator, Branding","Motivated graphic designer with strong background in Adobe Photoshop, Illustrator, Branding.",Worked on projects involving Branding and team collaboration.,"Bachelor of Arts in Graphic Design, VWX University"
Candidate 127,Environmental Scientist,Biology,"Environmental Impact Assessment, GIS, Data Analysis","Motivated environmental scientist with strong background in Environmental Impact Assessment, GIS, Data Analysis.",Worked on projects involving GIS and team collaboration.,"Master of Science in Environmental Science, YZA University"
Candidate 128,Full Stack Developer,Computer Science,"React, Node.js, MongoDB","Motivated full stack developer with strong background in React, Node.js, MongoDB.",Worked on projects involving Full Stack Development and team collaboration.,"Bachelor of Science in Computer Science, BCD University"
Candidate 129,Mechanical Designer,Engineering,"SolidWorks, AutoCAD, 3D Printing","Motivated mechanical designer with strong background in SolidWorks, AutoCAD, 3D Printing.",Worked on projects involving 3D Printing and team collaboration.,"Bachelor of Science in Mechanical Engineering, EFG University"
Candidate 130,Clinical Researcher,Medicine,"Clinical Trials, Data Analysis, SPSS","Motivated clinical researcher with strong background in Clinical Trials, Data Analysis, SPSS.",Worked on projects involving Clinical Trials and team collaboration.,"Bachelor of Science in Medicine, HIJ University"
Candidate 131,Data Engineer,Computer Science,"ETL, Apache Kafka, Big Data","Motivated data engineer with strong background in ETL, Apache Kafka, Big Data.",Worked on projects involving Big Data pipelines and team collaboration.,"Master of Science in Data Engineering, ABC University"
Candidate 132,Marketing Specialist,Business,"Social Media Marketing, SEO, Google Analytics","Motivated marketing specialist with strong background in Social Media Marketing, SEO, Google Analytics.",Worked on projects involving SEO and team collaboration.,"Bachelor of Science in Business, DEF University"
Candidate 133,Mechanical Engineer,Engineering,"Thermodynamics, CAD, MATLAB","Motivated mechanical engineer with strong background in Thermodynamics, CAD, MATLAB.",Worked on projects involving CAD design and team collaboration.,"Bachelor of Science in Mechanical Engineering, GHI University"
Candidate 134,UX Designer,Design,"User Research, Prototyping, Figma","Motivated UX designer with strong background in User Research, Prototyping, Figma.",Worked on projects involving Prototyping and team collaboration.,"Bachelor of Arts in Design, JKL University"
Candidate 135,Environmental Scientist,Biology,"GIS, Environmental Impact Assessment, Data Analysis","Motivated environmental scientist with strong background in GIS, Environmental Impact Assessment, Data Analysis.",Worked on projects involving GIS and team collaboration.,"Master of Science in Environmental Science, MNO University"
Candidate 136,AI Engineer,Computer Science,"Deep Learning, PyTorch, TensorFlow","Motivated AI engineer with strong background in Deep Learning, PyTorch, TensorFlow.",Worked on projects involving AI model development and team collaboration.,"Master of Science in Artificial Intelligence, PQR University"
Candidate 137,Operations Analyst,Business,"Process Optimization, ERP Systems, Excel","Motivated operations analyst with strong background in Process Optimization, ERP Systems, Excel.",Worked on projects involving ERP systems and team collaboration.,"Bachelor of Science in Business Administration, STU University"
Candidate 138,Graphic Designer,Design,"Adobe Illustrator, Photoshop, Branding","Motivated graphic designer with strong background in Adobe Illustrator, Photoshop, Branding.",Worked on projects involving Branding and team collaboration.,"Bachelor of Arts in Graphic Design, VWX University"
Candidate 139,Clinical Data Manager,Medicine,"Clinical Trials, Data Management, SPSS","Motivated clinical data manager with strong background in Clinical Trials, Data Management, SPSS.",Worked on projects involving Clinical Trials and team collaboration.,"Bachelor of Science in Medicine, YZA University"
Candidate 140,Backend Developer,Computer Science,"Node.js, Express.js, MongoDB","Motivated backend developer with strong background in Node.js, Express.js, MongoDB.",Worked on projects involving Backend Development and team collaboration.,"Bachelor of Science in Computer Science, BCD University"
Candidate 141,Research Scientist,Chemistry,"Chromatography, Spectroscopy, Lab Safety","Motivated research scientist with strong background in Chromatography, Spectroscopy, Lab Safety.",Worked on projects involving Spectroscopy and team collaboration.,"PhD in Chemistry, EFG University"
Candidate 142,Social Media Strategist,Marketing,"Content Creation, Campaign Management, Analytics","Motivated social media strategist with strong background in Content Creation, Campaign Management, Analytics.",Worked on projects involving Campaign Management and team collaboration.,"Bachelor of Science in Marketing, HIJ University"
Candidate 143,Statistician,Mathematics,"R, Data Visualization, Statistical Modeling","Motivated statistician with strong background in R, Data Visualization, Statistical Modeling.",Worked on projects involving Statistical Modeling and team collaboration.,"Master of Science in Statistics, KLM University"
Candidate 144,Product Manager,Business,"Agile, Product Roadmap, Stakeholder Management","Motivated product manager with strong background in Agile, Product Roadmap, Stakeholder Management.",Worked on projects involving Product Roadmap and team collaboration.,"Master of Business Administration, NOP University"
Candidate 145,Research Chemist,Chemistry,"Spectroscopy, Chromatography, Lab Safety","Motivated research chemist with strong background in Spectroscopy, Chromatography, Lab Safety.",Worked on projects involving Spectroscopy and team collaboration.,"PhD in Chemistry, QRS University"
Candidate 146,Data Scientist,Computer Science,"Python, Machine Learning, SQL","Motivated data scientist with strong background in Python, Machine Learning, SQL.",Worked on projects involving Machine Learning and team collaboration.,"Master of Science in Computer Science, STU University"
Candidate 147,UX Designer,Design,"Figma, Adobe XD, User Research","Motivated UX designer with strong background in Figma, Adobe XD, User Research.",Worked on projects involving User Research and team collaboration.,"Bachelor of Arts in Design, VWX University"
Candidate 148,Electrical Engineer,Engineering,"Circuit Design, MATLAB, PCB Layout","Motivated electrical engineer with strong background in Circuit Design, MATLAB, PCB Layout.",Worked on projects involving Circuit Design and team collaboration.,"Bachelor of Science in Electrical Engineering, YZA University"
Candidate 149,HR Specialist,Business,"Recruitment, Employee Relations, HRIS","Motivated HR specialist with strong background in Recruitment, Employee Relations, HRIS.",Worked on projects involving Employee Relations and team collaboration.,"Bachelor of Science in Business Administration, BCD University"
Candidate 150,Research Assistant,Biology,"PCR, Gel Electrophoresis, Data Analysis","Motivated research assistant with strong background in PCR, Gel Electrophoresis, Data Analysis.",Worked on projects involving PCR and team collaboration.,"Bachelor of Science in Biology, EFG University"
Candidate 151,Digital Marketing Specialist,Marketing,"SEO, Content Marketing, Google Analytics","Motivated digital marketing specialist with strong background in SEO, Content Marketing, Google Analytics.",Worked on projects involving SEO and team collaboration.,"Bachelor of Science in Marketing, ABC University"
Candidate 152,Robotics Engineer,Engineering,"ROS, Python, Embedded Systems","Motivated robotics engineer with strong background in ROS, Python, Embedded Systems.",Worked on projects involving Embedded Systems and team collaboration.,"Master of Science in Robotics, DEF University"
Candidate 153,Content Strategist,Communications,"Content Writing, SEO, Social Media Management","Motivated content strategist with strong background in Content Writing, SEO, Social Media Management.",Worked on projects involving Content Writing and team collaboration.,"Bachelor of Arts in Communications, GHI University"
Candidate 154,AI Researcher,Computer Science,"Deep Learning, TensorFlow, PyTorch","Motivated AI researcher with strong background in Deep Learning, TensorFlow, PyTorch.",Worked on projects involving Deep Learning and team collaboration.,"PhD in Computer Science, JKL University"
Candidate 155,Operations Manager,Business,"Supply Chain Management, Process Optimization, ERP Systems","Motivated operations manager with strong background in Supply Chain Management, Process Optimization, ERP Systems.",Worked on projects involving Process Optimization and team collaboration.,"Master of Business Administration, MNO University"
Candidate 156,Graphic Designer,Design,"Adobe Photoshop, Illustrator, Branding","Motivated graphic designer with strong background in Adobe Photoshop, Illustrator, Branding.",Worked on projects involving Branding and team collaboration.,"Bachelor of Arts in Graphic Design, PQR University"
Candidate 157,Environmental Scientist,Biology,"Environmental Impact Assessment, GIS, Data Analysis","Motivated environmental scientist with strong background in Environmental Impact Assessment, GIS, Data Analysis.",Worked on projects involving GIS and team collaboration.,"Master of Science in Environmental Science, STU University"
Candidate 158,Full Stack Developer,Computer Science,"React, Node.js, MongoDB","Motivated full stack developer with strong background in React, Node.js, MongoDB.",Worked on projects involving Full Stack Development and team collaboration.,"Bachelor of Science in Computer Science, VWX University"
Candidate 159,Mechanical Designer,Engineering,"SolidWorks, AutoCAD, 3D Printing","Motivated mechanical designer with strong background in SolidWorks, AutoCAD, 3D Printing.",Worked on projects involving 3D Printing and team collaboration.,"Bachelor of Science in Mechanical Engineering, YZA University"
Candidate 160,Clinical Researcher,Medicine,"Clinical Trials, Data Analysis, SPSS","Motivated clinical researcher with strong background in Clinical Trials, Data Analysis, SPSS.",Worked on projects involving Clinical Trials and team collaboration.,"Bachelor of Science in Medicine, BCD University"
Candidate 161,Data Engineer,Computer Science,"ETL, Apache Kafka, Big Data","Motivated data engineer with strong background in ETL, Apache Kafka, Big Data.",Worked on projects involving Big Data pipelines and team collaboration.,"Master of Science in Data Engineering, EFG University"
Candidate 162,Marketing Specialist,Business,"Social Media Marketing, SEO, Google Analytics","Motivated marketing specialist with strong background in Social Media Marketing, SEO, Google Analytics.",Worked on projects involving SEO and team collaboration.,"Bachelor of Science in Business, HIJ University"
Candidate 163,Mechanical Engineer,Engineering,"Thermodynamics, CAD, MATLAB","Motivated mechanical engineer with strong background in Thermodynamics, CAD, MATLAB.",Worked on projects involving CAD design and team collaboration.,"Bachelor of Science in Mechanical Engineering, KLM University"
Candidate 164,UX Designer,Design,"User Research, Prototyping, Figma","Motivated UX designer with strong background in User Research, Prototyping, Figma.",Worked on projects involving Prototyping and team collaboration.,"Bachelor of Arts in Design, NOP University"
Candidate 165,Environmental Scientist,Biology,"GIS, Environmental Impact Assessment, Data Analysis","Motivated environmental scientist with strong background in GIS, Environmental Impact Assessment, Data Analysis.",Worked on projects involving GIS and team collaboration.,"Master of Science in Environmental Science, QRS University"
Candidate 166,AI Engineer,Computer Science,"Deep Learning, PyTorch, TensorFlow","Motivated AI engineer with strong background in Deep Learning, PyTorch, TensorFlow.",Worked on projects involving AI model development and team collaboration.,"Master of Science in Artificial Intelligence, STU University"
Candidate 167,Operations Analyst,Business,"Process Optimization, ERP Systems, Excel","Motivated operations analyst with strong background in Process Optimization, ERP Systems, Excel.",Worked on projects involving ERP systems and team collaboration.,"Bachelor of Science in Business Administration, VWX University"
Candidate 168,Graphic Designer,Design,"Adobe Illustrator, Photoshop, Branding","Motivated graphic designer with strong background in Adobe Illustrator, Photoshop, Branding.",Worked on projects involving Branding and team collaboration.,"Bachelor of Arts in Graphic Design, YZA University"
Candidate 169,Clinical Data Manager,Medicine,"Clinical Trials, Data Management, SPSS","Motivated clinical data manager with strong background in Clinical Trials, Data Management, SPSS.",Worked on projects involving Clinical Trials and team collaboration.,"Bachelor of Science in Medicine, BCD University"
Candidate 170,Backend Developer,Computer Science,"Node.js, Express.js, MongoDB","Motivated backend developer with strong background in Node.js, Express.js, MongoDB.",Worked on projects involving Backend Development and team collaboration.,"Bachelor of Science in Computer Science, EFG University"
Candidate 171,Research Scientist,Chemistry,"Chromatography, Spectroscopy, Lab Safety","Motivated research scientist with strong background in Chromatography, Spectroscopy, Lab Safety.",Worked on projects involving Spectroscopy and team collaboration.,"PhD in Chemistry, HIJ University"
Candidate 172,Social Media Strategist,Marketing,"Content Creation, Campaign Management, Analytics","Motivated social media strategist with strong background in Content Creation, Campaign Management, Analytics.",Worked on projects involving Campaign Management and team collaboration.,"Bachelor of Science in Marketing, KLM University"
Candidate 173,Statistician,Mathematics,"R, Data Visualization, Statistical Modeling","Motivated statistician with strong background in R, Data Visualization, Statistical Modeling.",Worked on projects involving Statistical Modeling and team collaboration.,"Master of Science in Statistics, NOP University"
Candidate 174,Product Manager,Business,"Agile, Product Roadmap, Stakeholder Management","Motivated product manager with strong background in Agile, Product Roadmap, Stakeholder Management.",Worked on projects involving Product Roadmap and team collaboration.,"Master of Business Administration, QRS University"
Candidate 175,Research Chemist,Chemistry,"Spectroscopy, Chromatography, Lab Safety","Motivated research chemist with strong background in Spectroscopy, Chromatography, Lab Safety.",Worked on projects involving Spectroscopy and team collaboration.,"PhD in Chemistry, STU University"
Candidate 176,Data Scientist,Computer Science,"Python, Machine Learning, SQL","Motivated data scientist with strong background in Python, Machine Learning, SQL.",Worked on projects involving Machine Learning and team collaboration.,"Master of Science in Computer Science, VWX University"
Candidate 177,UX Designer,Design,"Figma, Adobe XD, User Research","Motivated UX designer with strong background in Figma, Adobe XD, User Research.",Worked on projects involving User Research and team collaboration.,"Bachelor of Arts in Design, YZA University"
Candidate 178,Electrical Engineer,Engineering,"Circuit Design, MATLAB, PCB Layout","Motivated electrical engineer with strong background in Circuit Design, MATLAB, PCB Layout.",Worked on projects involving Circuit Design and team collaboration.,"Bachelor of Science in Electrical Engineering, BCD University"
Candidate 179,HR Specialist,Business,"Recruitment, Employee Relations, HRIS","Motivated HR specialist with strong background in Recruitment, Employee Relations, HRIS.",Worked on projects involving Employee Relations and team collaboration.,"Bachelor of Science in Business Administration, EFG University"
Candidate 180,Research Assistant,Biology,"PCR, Gel Electrophoresis, Data Analysis","Motivated research assistant with strong background in PCR, Gel Electrophoresis, Data Analysis.",Worked on projects involving PCR and team collaboration.,"Bachelor of Science in Biology, HIJ University"
Candidate 181,Digital Marketing Specialist,Marketing,"SEO, Google Analytics, Content Creation","Motivated digital marketing specialist with strong background in SEO, Google Analytics, Content Creation.",Worked on projects involving SEO and team collaboration.,"Bachelor of Science in Marketing, KLM University"
Candidate 182,Robotics Engineer,Engineering,"ROS, Python, Embedded Systems","Motivated robotics engineer with strong background in ROS, Python, Embedded Systems.",Worked on projects involving Embedded Systems and team collaboration.,"Master of Science in Robotics, NOP University"
Candidate 183,Content Strategist,Communications,"Content Writing, SEO, Social Media Management","Motivated content strategist with strong background in Content Writing, SEO, Social Media Management.",Worked on projects involving Content Writing and team collaboration.,"Bachelor of Arts in Communications, QRS University"
Candidate 184,AI Researcher,Computer Science,"Deep Learning, TensorFlow, PyTorch","Motivated AI researcher with strong background in Deep Learning, TensorFlow, PyTorch.",Worked on projects involving Deep Learning and team collaboration.,"PhD in Computer Science, STU University"
Candidate 185,Operations Manager,Business,"Supply Chain Management, Process Optimization, ERP Systems","Motivated operations manager with strong background in Supply Chain Management, Process Optimization, ERP Systems.",Worked on projects involving Process Optimization and team collaboration.,"Master of Business Administration, VWX University"
Candidate 186,Graphic Designer,Design,"Adobe Illustrator, Photoshop, Branding","Motivated graphic designer with strong background in Adobe Illustrator, Photoshop, Branding.",Worked on projects involving Branding and team collaboration.,"Bachelor of Arts in Graphic Design, YZA University"
Candidate 187,Environmental Scientist,Biology,"GIS, Environmental Impact Assessment, Data Analysis","Motivated environmental scientist with strong background in GIS, Environmental Impact Assessment, Data Analysis.",Worked on projects involving GIS and team collaboration.,"Master of Science in Environmental Science, BCD University"
Candidate 188,Full Stack Developer,Computer Science,"React, Node.js, MongoDB","Motivated full stack developer with strong background in React, Node.js, MongoDB.",Worked on projects involving Full Stack Development and team collaboration.,"Bachelor of Science in Computer Science, EFG University"
Candidate 189,Mechanical Designer,Engineering,"SolidWorks, AutoCAD, 3D Printing","Motivated mechanical designer with strong background in SolidWorks, AutoCAD, 3D Printing.",Worked on projects involving 3D Printing and team collaboration.,"Bachelor of Science in Mechanical Engineering, HIJ University"
Candidate 190,Clinical Researcher,Medicine,"Clinical Trials, Data Analysis, SPSS","Motivated clinical researcher with strong background in Clinical Trials, Data Analysis, SPSS.",Worked on projects involving Clinical Trials and team collaboration.,"Bachelor of Science in Medicine, KLM University"
Candidate 191,Data Engineer,Computer Science,"ETL, Apache Kafka, Big Data","Motivated data engineer with strong background in ETL, Apache Kafka, Big Data.",Worked on projects involving Big Data pipelines and team collaboration.,"Master of Science in Data Engineering, NOP University"
Candidate 192,Marketing Specialist,Business,"Social Media Marketing, SEO, Google Analytics","Motivated marketing specialist with strong background in Social Media Marketing, SEO, Google Analytics.",Worked on projects involving SEO and team collaboration.,"Bachelor of Science in Business, QRS University"
Candidate 193,Mechanical Engineer,Engineering,"Thermodynamics, CAD, MATLAB","Motivated mechanical engineer with strong background in Thermodynamics, CAD, MATLAB.",Worked on projects involving CAD design and team collaboration.,"Bachelor of Science in Mechanical Engineering, STU University"
Candidate 194,UX Designer,Design,"User Research, Prototyping, Figma","Motivated UX designer with strong background in User Research, Prototyping, Figma.",Worked on projects involving Prototyping and team collaboration.,"Bachelor of Arts in Design, VWX University"
Candidate 195,Environmental Scientist,Biology,"GIS, Environmental Impact Assessment, Data Analysis","Motivated environmental scientist with strong background in GIS, Environmental Impact Assessment, Data Analysis.",Worked on projects involving GIS and team collaboration.,"Master of Science in Environmental Science, YZA University"
Candidate 196,AI Engineer,Computer Science,"Deep Learning, PyTorch, TensorFlow","Motivated AI engineer with strong background in Deep Learning, PyTorch, TensorFlow.",Worked on projects involving AI model development and team collaboration.,"Master of Science in Artificial Intelligence, BCD University"
Candidate 197,Operations Analyst,Business,"Process Optimization, ERP Systems, Excel","Motivated operations analyst with strong background in Process Optimization, ERP Systems, Excel.",Worked on projects involving ERP systems and team collaboration.,"Bachelor of Science in Business Administration, EFG University"
Candidate 198,Graphic Designer,Design,"Adobe Illustrator, Photoshop, Branding","Motivated graphic designer with strong background in Adobe Illustrator, Photoshop, Branding.",Worked on projects involving Branding and team collaboration.,"Bachelor of Arts in Graphic Design, HIJ University"
Candidate 199,Clinical Data Manager,Medicine,"Clinical Trials, Data Management, SPSS","Motivated clinical data manager with strong background in Clinical Trials, Data Management, SPSS.",Worked on projects involving Clinical Trials and team collaboration.,"Bachelor of Science in Medicine, KLM University"
Candidate 200,Backend Developer,Computer Science,"Node.js, Express.js, MongoDB","Motivated backend developer with strong background in Node.js, Express.js, MongoDB.",Worked on projects involving Backend Development and team collaboration.,"Bachelor of Science in Computer Science, NOP University"
Candidate 201,Research Scientist,Chemistry,"Chromatography, Spectroscopy, Lab Safety","Motivated research scientist with strong background in Chromatography, Spectroscopy, Lab Safety.",Worked on projects involving Spectroscopy and team collaboration.,"PhD in Chemistry, QRS University"
Candidate 202,Social Media Strategist,Marketing,"Content Creation, Campaign Management, Analytics","Motivated social media strategist with strong background in Content Creation, Campaign Management, Analytics.",Worked on projects involving Campaign Management and team collaboration.,"Bachelor of Science in Marketing, STU University"
Candidate 203,Statistician,Mathematics,"R, Data Visualization, Statistical Modeling","Motivated statistician with strong background in R, Data Visualization, Statistical Modeling.",Worked on projects involving Statistical Modeling and team collaboration.,"Master of Science in Statistics, VWX University"
Candidate 204,Product Manager,Business,"Agile, Product Roadmap, Stakeholder Management","Motivated product manager with strong background in Agile, Product Roadmap, Stakeholder Management.",Worked on projects involving Product Roadmap and team collaboration.,"Master of Business Administration, YZA University"
Candidate 205,Research Chemist,Chemistry,"Spectroscopy, Chromatography, Lab Safety","Motivated research chemist with strong background in Spectroscopy, Chromatography, Lab Safety.",Worked on projects involving Spectroscopy and team collaboration.,"PhD in Chemistry, BCD University"
Candidate 206,Data Scientist,Computer Science,"Python, Machine Learning, SQL","Motivated data scientist with strong background in Python, Machine Learning, SQL.",Worked on projects involving Machine Learning and team collaboration.,"Master of Science in Computer Science, EFG University"
Candidate 207,UX Designer,Design,"Figma, Adobe XD, User Research","Motivated UX designer with strong background in Figma, Adobe XD, User Research.",Worked on projects involving User Research and team collaboration.,"Bachelor of Arts in Design, HIJ University"
Candidate 208,Electrical Engineer,Engineering,"Circuit Design, MATLAB, PCB Layout","Motivated electrical engineer with strong background in Circuit Design, MATLAB, PCB Layout.",Worked on projects involving Circuit Design and team collaboration.,"Bachelor of Science in Electrical Engineering, KLM University"
Candidate 209,HR Specialist,Business,"Recruitment, Employee Relations, HRIS","Motivated HR specialist with strong background in Recruitment, Employee Relations, HRIS.",Worked on projects involving Employee Relations and team collaboration.,"Bachelor of Science in Business Administration, NOP University"
Candidate 210,Research Assistant,Biology,"PCR, Gel Electrophoresis, Data Analysis","Motivated research assistant with strong background in PCR, Gel Electrophoresis, Data Analysis.",Worked on projects involving PCR and team collaboration.,"Bachelor of Science in Biology, QRS University"
Candidate 211,Digital Marketing Specialist,Marketing,"SEO, Google Analytics, Content Creation","Motivated digital marketing specialist with strong background in SEO, Google Analytics, Content Creation.",Worked on projects involving SEO and team collaboration.,"Bachelor of Science in Marketing, STU University"
Candidate 212,Robotics Engineer,Engineering,"ROS, Python, Embedded Systems","Motivated robotics engineer with strong background in ROS, Python, Embedded Systems.",Worked on projects involving Embedded Systems and team collaboration.,"Master of Science in Robotics, VWX University"
Candidate 213,Content Strategist,Communications,"Content Writing, SEO, Social Media Management","Motivated content strategist with strong background in Content Writing, SEO, Social Media Management.",Worked on projects involving Content Writing and team collaboration.,"Bachelor of Arts in Communications, YZA University"
Candidate 214,AI Researcher,Computer Science,"Deep Learning, TensorFlow, PyTorch","Motivated AI researcher with strong background in Deep Learning, TensorFlow, PyTorch.",Worked on projects involving Deep Learning and team collaboration.,"PhD in Computer Science, BCD University"
Candidate 215,Operations Manager,Business,"Supply Chain Management, Process Optimization, ERP Systems","Motivated operations manager with strong background in Supply Chain Management, Process Optimization, ERP Systems.",Worked on projects involving Process Optimization and team collaboration.,"Master of Business Administration, EFG University"
Candidate 216,Graphic Designer,Design,"Adobe Illustrator, Photoshop, Branding","Motivated graphic designer with strong background in Adobe Illustrator, Photoshop, Branding.",Worked on projects involving Branding and team collaboration.,"Bachelor of Arts in Graphic Design, HIJ University"
Candidate 217,Environmental Scientist,Biology,"GIS, Environmental Impact Assessment, Data Analysis","Motivated environmental scientist with strong background in GIS, Environmental Impact Assessment, Data Analysis.",Worked on projects involving GIS and team collaboration.,"Master of Science in Environmental Science, KLM University"
Candidate 218,Full Stack Developer,Computer Science,"React, Node.js, MongoDB","Motivated full stack developer with strong background in React, Node.js, MongoDB.",Worked on projects involving Full Stack Development and team collaboration.,"Bachelor of Science in Computer Science, NOP University"
Candidate 219,Mechanical Designer,Engineering,"SolidWorks, AutoCAD, 3D Printing","Motivated mechanical designer with strong background in SolidWorks, AutoCAD, 3D Printing.",Worked on projects involving 3D Printing and team collaboration.,"Bachelor of Science in Mechanical Engineering, QRS University"
Candidate 220,Clinical Researcher,Medicine,"Clinical Trials, Data Analysis, SPSS","Motivated clinical researcher with strong background in Clinical Trials, Data Analysis, SPSS.",Worked on projects involving Clinical Trials and team collaboration.,"Bachelor of Science in Medicine, STU University"
Candidate 221,Data Engineer,Computer Science,"ETL, Apache Kafka, Big Data","Motivated data engineer with strong background in ETL, Apache Kafka, Big Data.",Worked on projects involving Big Data pipelines and team collaboration.,"Master of Science in Data Engineering, VWX University"
Candidate 222,Marketing Specialist,Business,"Social Media Marketing, SEO, Google Analytics","Motivated marketing specialist with strong background in Social Media Marketing, SEO, Google Analytics.",Worked on projects involving SEO and team collaboration.,"Bachelor of Science in Business, YZA University"
